{
  "results": [
    {
      "command": "inspequte",
      "mean": 0.2242653532507692,
      "stddev": 0.002637072903351715,
      "median": 0.22387418402,
      "user": 0.2842558538461538,
      "system": 0.08335961999999998,
      "min": 0.21939810002000001,
      "max": 0.22964897502,
      "times": [
        0.22563014202,
        0.22964897502,
        0.22663180802,
        0.22186414202000002,
        0.21939810002000001,
        0.22442297502,
        0.22193276602,
        0.22709718302,
        0.22272672502000002,
        0.22364643302,
        0.22387418402,
        0.22352710002,
        0.22504905902
      ],
      "memory_usage_byte": [
        93437952,
        93437952,
        93437952,
        93437952,
        93437952,
        93437952,
        93437952,
        93437952,
        93437952,
        93437952,
        93437952,
        93536256,
        93536256
      ],
      "exit_codes": [
        0,
        0,
        0,
        0,
        0,
        0,
        0,
        0,
        0,
        0,
        0,
        0,
        0
      ]
    },
    {
      "command": "spotbugs",
      "mean": 10.07393808322,
      "stddev": 0.06746728648611486,
      "median": 10.06491272502,
      "user": 38.1288125,
      "system": 0.69431262,
      "min": 9.99101364102,
      "max": 10.15882947502,
      "times": [
        10.03264564202,
        10.06491272502,
        10.15882947502,
        9.99101364102,
        10.12228893302
      ],
      "memory_usage_byte": [
        1097990144,
        1097990144,
        1097990144,
        1097990144,
        1097990144
      ],
      "exit_codes": [
        0,
        0,
        0,
        0,
        0
      ]
    },
    {
      "command": "pmd",
      "mean": 2.00424634982,
      "stddev": 0.1606826558575413,
      "median": 1.93637680802,
      "user": 14.067137299999999,
      "system": 0.51042222,
      "min": 1.8330543910200001,
      "max": 2.24400468302,
      "times": [
        1.8330543910200001,
        2.08096414202,
        2.24400468302,
        1.93637680802,
        1.92683172502
      ],
      "memory_usage_byte": [
        1097990144,
        1097990144,
        1097990144,
        1097990144,
        1097990144
      ],
      "exit_codes": [
        0,
        0,
        0,
        0,
        0
      ]
    },
    {
      "command": "checker-framework",
      "mean": 1.1276216832199997,
      "stddev": 0.01844069616717651,
      "median": 1.13556522502,
      "user": 3.2247467,
      "system": 0.15249802,
      "min": 1.09894639102,
      "max": 1.1435801000199999,
      "times": [
        1.1435801000199999,
        1.09894639102,
        1.14022601702,
        1.13556522502,
        1.11979068302
      ],
      "memory_usage_byte": [
        1097990144,
        1097990144,
        1097990144,
        1097990144,
        1097990144
      ],
      "exit_codes": [
        0,
        0,
        0,
        0,
        0
      ]
    },
    {
      "command": "nullaway",
      "mean": 1.10920706682,
      "stddev": 0.019088102880248443,
      "median": 1.11087139202,
      "user": 2.3324533,
      "system": 0.13750382,
      "min": 1.08336718302,
      "max": 1.13599489202,
      "times": [
        1.10215839202,
        1.11364347502,
        1.11087139202,
        1.13599489202,
        1.08336718302
      ],
      "memory_usage_byte": [
        1097990144,
        1097990144,
        1097990144,
        1097990144,
        1097990144
      ],
      "exit_codes": [
        0,
        0,
        0,
        0,
        0
      ]
    }
  ]
}
