{
  "results": [
    {
      "command": "inspequte",
      "mean": 20.058846258459997,
      "stddev": 0.0938976171943072,
      "median": 20.02337972746,
      "user": 20.735028279999998,
      "system": 7.86438306,
      "min": 19.95603764146,
      "max": 20.16817947946,
      "times": [
        20.02337972746,
        19.95603764146,
        20.14770469646,
        20.16817947946,
        19.99892974746
      ],
      "exit_codes": [
        0,
        0,
        0,
        0,
        0
      ]
    },
    {
      "command": "spotbugs",
      "mean": 1003.42145263646,
      "stddev": 14.106896310845876,
      "median": 1012.5475061234599,
      "user": 1767.27523608,
      "system": 10.08068846,
      "min": 987.56029698446,
      "max": 1015.0942116794599,
      "times": [
        988.44835588946,
        1015.0942116794599,
        1013.45689250546,
        1012.5475061234599,
        987.56029698446
      ],
      "exit_codes": [
        0,
        0,
        0,
        0,
        0
      ]
    },
    {
      "command": "pmd",
      "mean": 16.46852776266,
      "stddev": 0.2749202265554799,
      "median": 16.543640812459998,
      "user": 62.121953680000004,
      "system": 0.86430086,
      "min": 16.02017806946,
      "max": 16.76698723346,
      "times": [
        16.54945505446,
        16.462377643459998,
        16.543640812459998,
        16.02017806946,
        16.76698723346
      ],
      "exit_codes": [
        0,
        0,
        0,
        0,
        0
      ]
    }
  ]
}
