{
  "results": [
    {
      "command": "inspequte",
      "mean": 19.539562165,
      "stddev": 0.0490391496422709,
      "median": 19.5468957912,
      "user": 20.14062422,
      "system": 7.91433296,
      "min": 19.4787093942,
      "max": 19.5983973062,
      "times": [
        19.4787093942,
        19.5983973062,
        19.5714498412,
        19.5023584922,
        19.5468957912
      ],
      "exit_codes": [
        0,
        0,
        0,
        0,
        0
      ]
    },
    {
      "command": "spotbugs",
      "mean": 992.8153471142001,
      "stddev": 12.454282951306428,
      "median": 989.3978257932,
      "user": 1757.78139782,
      "system": 10.035891359999999,
      "min": 982.5856199182,
      "max": 1014.5035993732,
      "times": [
        987.9579676532001,
        989.6317228332,
        989.3978257932,
        982.5856199182,
        1014.5035993732
      ],
      "exit_codes": [
        0,
        0,
        0,
        0,
        0
      ]
    },
    {
      "command": "pmd",
      "mean": 16.47943448,
      "stddev": 0.2899785539712369,
      "median": 16.5136716562,
      "user": 62.222473619999995,
      "system": 0.8686563599999999,
      "min": 16.0066976382,
      "max": 16.792658068199998,
      "times": [
        16.5956536592,
        16.792658068199998,
        16.0066976382,
        16.4884913782,
        16.5136716562
      ],
      "exit_codes": [
        0,
        0,
        0,
        0,
        0
      ]
    }
  ]
}
