{
  "results": [
    {
      "command": "inspequte",
      "mean": 11.88728528406,
      "stddev": 0.12007174427156783,
      "median": 11.86228829246,
      "user": 12.15946848,
      "system": 5.36162456,
      "min": 11.775348042460001,
      "max": 12.080770000460001,
      "times": [
        11.86228829246,
        11.80667083446,
        12.080770000460001,
        11.91134925046,
        11.775348042460001
      ],
      "memory_usage_byte": [
        3954999296,
        3954999296,
        3954999296,
        3954999296,
        3956260864
      ],
      "exit_codes": [
        0,
        0,
        0,
        0,
        0
      ]
    }
  ]
}
