{
  "results": [
    {
      "command": "inspequte",
      "mean": 17.981745652440004,
      "stddev": 0.21064541078781154,
      "median": 17.93608447304,
      "user": 17.62618552,
      "system": 6.94566138,
      "min": 17.79382620204,
      "max": 18.331911395040002,
      "times": [
        17.79382620204,
        17.99651198204,
        18.331911395040002,
        17.93608447304,
        17.85039421004
      ],
      "exit_codes": [
        0,
        0,
        0,
        0,
        0
      ]
    },
    {
      "command": "spotbugs",
      "mean": 833.66468175304,
      "stddev": 20.072792414375158,
      "median": 821.2337443160401,
      "user": 1491.56354672,
      "system": 10.712239579999999,
      "min": 816.48641157504,
      "max": 857.31810679204,
      "times": [
        857.31810679204,
        819.54247625404,
        821.2337443160401,
        853.74266982804,
        816.48641157504
      ],
      "exit_codes": [
        0,
        0,
        0,
        0,
        0
      ]
    },
    {
      "command": "pmd",
      "mean": 11.742025835040002,
      "stddev": 0.23672691241592786,
      "median": 11.88768812004,
      "user": 43.976659319999996,
      "system": 0.7910609799999998,
      "min": 11.414436609040001,
      "max": 11.92599723804,
      "times": [
        11.92599723804,
        11.91675734504,
        11.88768812004,
        11.414436609040001,
        11.56524986304
      ],
      "exit_codes": [
        0,
        0,
        0,
        0,
        0
      ]
    }
  ]
}
