{
  "results": [
    {
      "command": "inspequte",
      "mean": 20.724821124739996,
      "stddev": 0.16151092591288163,
      "median": 20.73512409214,
      "user": 21.250092119999998,
      "system": 7.972011879999999,
      "min": 20.47824745914,
      "max": 20.86891233714,
      "times": [
        20.86689937414,
        20.73512409214,
        20.67492236114,
        20.86891233714,
        20.47824745914
      ],
      "exit_codes": [
        0,
        0,
        0,
        0,
        0
      ]
    },
    {
      "command": "spotbugs",
      "mean": 1012.7269093249399,
      "stddev": 15.407326200151465,
      "median": 1015.68830637314,
      "user": 1779.7433965200003,
      "system": 10.14978448,
      "min": 988.70966442914,
      "max": 1029.1558065821398,
      "times": [
        1008.58546879114,
        1029.1558065821398,
        1021.49530044914,
        988.70966442914,
        1015.68830637314
      ],
      "exit_codes": [
        0,
        0,
        0,
        0,
        0
      ]
    },
    {
      "command": "pmd",
      "mean": 16.42908900214,
      "stddev": 0.3734913927570285,
      "median": 16.657683830139998,
      "user": 62.15971391999999,
      "system": 0.86065808,
      "min": 15.82825220214,
      "max": 16.69049180614,
      "times": [
        15.82825220214,
        16.657683830139998,
        16.69049180614,
        16.29709361914,
        16.67192355314
      ],
      "exit_codes": [
        0,
        0,
        0,
        0,
        0
      ]
    }
  ]
}
