{
  "results": [
    {
      "command": "inspequte",
      "mean": 22.441123403999995,
      "stddev": 0.27308579143393347,
      "median": 22.381142560999997,
      "user": 22.251812339999997,
      "system": 8.93102834,
      "min": 22.169504262999997,
      "max": 22.899797607,
      "times": [
        22.899797607,
        22.342423916999998,
        22.169504262999997,
        22.381142560999997,
        22.412748672
      ],
      "exit_codes": [
        0,
        0,
        0,
        0,
        0
      ]
    },
    {
      "command": "spotbugs",
      "mean": 1009.9166707224,
      "stddev": 6.52850582285455,
      "median": 1011.504136368,
      "user": 1786.08840154,
      "system": 13.25597334,
      "min": 1001.953306078,
      "max": 1016.61331453,
      "times": [
        1016.61331453,
        1004.294894992,
        1001.953306078,
        1015.217701644,
        1011.504136368
      ],
      "exit_codes": [
        0,
        0,
        0,
        0,
        0
      ]
    },
    {
      "command": "pmd",
      "mean": 13.7214272486,
      "stddev": 0.3381629052610275,
      "median": 13.674366167,
      "user": 51.30433674,
      "system": 0.92738074,
      "min": 13.312819334,
      "max": 14.114137017000001,
      "times": [
        14.00984901,
        14.114137017000001,
        13.495964715,
        13.312819334,
        13.674366167
      ],
      "exit_codes": [
        0,
        0,
        0,
        0,
        0
      ]
    }
  ]
}
